{"cameraMode":{"drawMode":0,"name":"Shaded","section":"Shading Mode"},"sceneLighting":true,"audioPlay":false,"sceneViewState":{"m_AlwaysRefresh":false,"showFog":true,"showSkybox":true,"showFlares":true,"showImageEffects":true,"showParticleSystems":true,"showVisualEffectGraphs":true,"m_FxEnabled":false},"in2DMode":false,"pivot":{"x":-19.351987838745118,"y":29.451902389526368,"z":62.895233154296878},"rotation":{"x":-0.004958304576575756,"y":0.9929144382476807,"z":-0.11036841571331024,"w":-0.04470554366707802},"size":16.927366256713868,"orthographic":false}